Date,Inflation,Exchange Rate,Interest,Liquidity,GDP_Seasonally_Adjusted,Log_GDP_SA,GDP_Growth,Log_Exchange_Rate,Exchange_Rate_Change,Log_Liquidity,Liquidity_Growth
2003-09-30,0.558598319929901,100.492827194663,2.75,18669.57190545,78.3473506201243,4.361152153554159,0.27792038123770624,4.610086353754702,,9.834650306730836,
2003-10-31,0.0490321174092103,101.854398515637,2.75,18795.62399559,78.9081423431176,4.368284420792369,0.71322672382097,4.623544327951775,1.3457974197073064,9.841379355531764,0.6729048800927728
2003-11-30,0.167684500456277,102.1251589431,2.5,19113.29552166,75.2093042489586,4.320274950017151,-4.800947077521833,4.62619910953734,0.26547815855648693,9.858139472479538,1.6760116947773795
2003-12-31,0.563950788732549,102.39566072733,2.5,19812.13339638,75.7521334867385,4.327466608834289,0.7191658817138347,4.628844335997863,0.2645226460523453,9.894049826795698,3.5910354316159854
2004-01-31,0.53744744109991,103.20214842746,2.5,20326.72739638,78.0919804714245,4.357887368749128,3.0420759914838946,4.6366896709263115,0.7845334928448189,9.919691919556456,2.5642092760758572
2004-02-29,1.08608494836444,102.564793736592,2.5,20198.06335187,78.9393238783818,4.368679505191457,1.0792136442328903,4.630494732881447,-0.6194938044864706,9.91334200512332,-0.6349914433135595
2004-03-31,0.460448535433247,101.534891796902,2.5,20503.22293721,79.8571770952032,4.3802397528410575,1.156024764960062,4.620402500955212,-1.0092231926234874,9.928337369218557,1.4995364095236496
2004-04-30,-0.0227700751417853,101.951777372552,2.5,20381.11495997,80.3320593433007,4.386168785899707,0.5929033058649225,4.62449993063556,0.4097429680347986,9.92236401381657,-0.5973355401987845
2004-05-31,0.353844717142609,101.333848462725,2.5,20492.99588117,80.2772246303401,4.38548595220872,-0.06828336909867616,4.618420496238924,-0.6079434396635719,9.927838442412773,0.5474428596203396
2004-06-30,0.563807028141432,100.673030115218,2.5,20461.95423108,80.1429365509057,4.383811747298157,-0.16742049105626933,4.6118779397739775,-0.6542556464946614,9.92632254965992,-0.15158927528524657
2004-07-31,0.19310861236674,99.7803215188691,2.5,21009.2112152,80.5521198262066,4.3889044261756025,0.5092678877445245,4.602970984705402,-0.8906955068575861,9.95271624983109,2.63937001711696
2004-08-31,-0.0095406379315006,98.8490021715802,2.75,21278.09470586,81.0672958196555,4.3952796223270365,0.6375196151434004,4.593593455196231,-0.9377529509170479,9.965433404948069,1.2717155116979129
2004-09-30,0.016689712460702,98.7203378292074,2.75,21887.02961052,81.9775661948105,4.406445626843484,1.1166004516447892,4.59229098224611,-0.13024729501207588,9.99364948512479,2.8216080176720837
2004-10-31,-0.0237470889112576,98.5058870039289,3.0,23368.53216582,81.847518289263,4.404857983128558,-0.15876437149264788,4.590116312929444,-0.21746693166662112,10.059145617080265,6.549613195547543
2004-11-30,0.287008149265566,99.0894439423534,3.0,24054.56138416,81.5271694080385,4.400936331662193,-0.3921651466365361,4.59602291641265,0.5906603483206041,10.088079920093277,2.8934303013011586
2004-12-31,-0.0093554202060037,99.1036785181531,3.0,25436.83802038,82.7227971483994,4.415495224845082,1.4558893182889499,4.596166559901865,0.014364348921436232,10.143953718077482,5.5873797984205
2005-01-31,0.100149504761279,98.7924643530764,3.0,25516.48839377,83.076185978987,4.419758090142212,0.42628652971297143,4.59302133011499,-0.31452297868748147,10.147080125865685,0.3126407788203167
2005-02-28,-0.2346203515206,99.6960943930773,3.0,26487.42143132,84.7443785929493,4.439639414773941,1.9881324631729314,4.60212650261049,0.9105172495500469,10.184425236317129,3.734511045144373
2005-03-31,0.650196153407443,99.1025585497878,3.0,27469.93771952,82.4383166663078,4.412050336918931,-2.75890778550103,4.596155258861272,-0.5971243749217869,10.220847511868694,3.642227555156552
2005-04-30,0.118823702025535,98.9641448328076,3.0,27149.34451742,84.5379693056899,4.437200774335478,2.5150437416547433,4.594757611127979,-0.1397647733293539,10.209108182065846,-1.173932980284853
2005-05-31,0.12633045900575,98.6642135940511,3.0,27166.67716159,85.4047286850945,4.447401470281448,1.0200695945969507,4.591722303124426,-0.30353080035530056,10.209746396876966,0.06382148111203634
2005-06-30,0.263742227071237,97.5778516248435,3.0,27777.76979708,85.2863565757417,4.446014495347778,-0.13869749336699044,4.580650537593197,-1.1071765531228905,10.231991332203004,2.2244935326037663
2005-07-31,0.104611293091209,97.7523663525805,3.0,28735.19468079,85.9444109656823,4.453700703137253,0.7686207789475041,4.582437406783003,0.1786869189806417,10.265877945959435,3.3886613756431316
2005-08-31,-0.179605723612108,99.5794345378803,3.0,28212.8508,85.6791195518041,4.450609150080673,-0.3091553056579599,4.60095566272714,1.8518255944136364,10.247532855253183,-1.8345090706251455
2005-09-30,-0.0942785605012846,102.127938661147,3.0,28050.92931778,86.5245707615074,4.460428428648165,0.9819278567491985,4.626226327905921,2.5270665178781293,10.241777041160676,-0.5755814092507805
2005-10-31,0.144780473631634,104.104651132767,3.0,28372.68321392,87.1234289716052,4.4673258370283575,0.689740838019226,4.645396654092249,1.9170326186327635,10.25318210260162,1.1405061440944664
2005-11-30,0.0680447024625712,103.363399927543,3.0,28885.59309108,89.0875532678117,4.489619630754699,2.229379372634188,4.638250933529121,-0.7145720563127789,10.271098240844452,1.7916138242831892
2005-12-31,0.41922503429934,104.73807154872,3.25,30434.42393544,87.9121131862351,4.476337601638506,-1.328202911619325,4.651462676888068,1.3211743358946926,10.323329613048548,5.2231372204095905
2006-01-31,0.499608846028134,104.702389715173,3.5,29013.34621268,89.6057266309361,4.495419231230215,1.9081629591708449,4.651121942020727,-0.0340734867340764,10.275511217332866,-4.781839571568192
2006-02-28,0.548277704216064,101.372324118491,3.75,29283.95875871,89.9481239292913,4.499233103361818,0.38138721316034463,4.618800116215348,-3.2321825805379234,10.284795162443933,0.9283945111066672
2006-03-31,0.457162631141614,102.379428922388,4.0,29803.02800766,91.6266066789985,4.517721695430955,1.8488592069137333,4.628685802994618,0.9885686779270486,10.30236527832675,1.7570115882817205
2006-04-30,0.510007190746034,102.448932569511,4.25,28368.80450931,90.8316629786575,4.509007936040316,-0.8713759390639453,4.6293644555921825,0.06786525975641666,10.25304538765911,-4.931989066763975
2006-05-31,-0.527951846100242,102.209083735074,4.5,27892.99912257,90.9746543165763,4.510580943728172,0.1573007687856176,4.627020555767724,-0.2343899824458262,10.23613100881543,-1.6914378843679856
2006-06-30,-0.132537237586119,101.062276457519,4.5,28333.12739281,91.8803909655891,4.520487632988043,0.9906689259870483,4.615736925411753,-1.1283630355971574,10.25178697828887,1.5655969473439058
2006-07-31,-0.17044035636352,100.755750195478,4.5,29317.89635836,91.5394183789024,4.5167696814681735,-0.37179515198690893,4.612699273098666,-0.3037652313087058,10.285953405758114,3.416642746924481
2006-08-31,0.13934667530607,101.056780318966,4.5,29890.27796034,93.2506012930156,4.535290506685609,1.8520825217435366,4.615682540252411,0.298326715374575,10.305288554677366,1.933514891925192
2006-09-30,0.0273681222498222,101.729978234526,4.5,30099.35601295,92.6041150857929,4.528333580036148,-0.6956926649460904,4.6223220308522865,0.6639490599875231,10.312259055589488,0.697050091212148
2006-10-31,0.0437894195875647,101.56605221539,4.5,30282.0767277,93.6013059043123,4.539044335355367,1.0710755319219167,4.620709347571647,-0.16126832806397928,10.318311289337645,0.6052233748157221
2006-11-30,-0.282155165945056,102.181128806111,4.5,31878.83562083,93.6957748663498,4.540053096086284,0.10087607309170465,4.626747011073096,0.6037663501449408,10.369697608423778,5.138631908613256
2006-12-31,0.0258117661108955,102.914674037652,4.5,35918.30419924,94.6343467920095,4.550020484073755,0.9967387987471099,4.633900237509169,0.715322643607319,10.489002310812822,11.930470238904434
2007-01-31,0.0094278706569336,102.584377843212,4.5,36894.31061612,96.1704480882607,4.566122118048678,1.6101633974923146,4.630685658406796,-0.3214579102372994,10.515812634296081,2.681032348325907
2007-02-28,0.25946729961008,103.308277869658,4.5,37828.26342434,96.2881263161898,4.567345012304844,0.12228942561653966,4.637717507180822,0.703184877402574,10.540811811850714,2.4999177554633434
2007-03-31,0.348835470333003,103.36432357934,4.5,38771.84116907,97.8314819751364,4.5832464268278335,1.5901414522989654,4.6382598694549015,0.054236227407944426,10.565449519067174,2.463770721645986
2007-04-30,0.178206800195308,104.21671326029,4.5,38240.33187318,97.4418401983132,4.5792556892339285,-0.39907375939050027,4.646472512429281,0.8212642974379847,10.551646045819624,-1.3803473247550713
2007-05-31,0.491871629879991,104.677587947249,4.5,38799.16803109,100.527037479075,4.6104267209596825,3.1171031725754084,4.650885035241799,0.4412522812518027,10.566154082883791,1.4508037064167922
2007-06-30,0.469692062317829,104.966090303575,4.5,41229.9740832,99.5749215128561,4.600910340846017,-0.9516380113665512,4.653637348508345,0.27523132665452366,10.626920797109916,6.076671422612456
2007-07-31,0.475545229813074,105.576638167275,4.75,41755.44513763,100.210927651919,4.607277241106714,0.6366900260696973,4.659437117320748,0.5799768812403627,10.639585144232935,1.2664347123019226
2007-08-31,0.136907638047225,105.51281006131,4.75,41825.18710199,100.651163150322,4.611660708405733,0.43834672990188395,4.658832367927106,-0.060474939364230096,10.641253999293674,0.1668855060739105
2007-09-30,0.612500624383494,105.367156871715,5.0,41743.04486308,100.978217436819,4.614904824638982,0.32441162332492723,4.6574509829157655,-0.13813850113404413,10.63928812629546,-0.19658729982143797
2007-10-31,0.314014669403244,102.744331938057,5.0,43836.80875237,102.132121038679,4.626267279402153,1.1362454763171215,4.632243688234892,-2.520729468087346,10.6882291259151,4.894099961964038
2007-11-30,0.111007166747877,103.565853527838,5.0,46296.90277704,103.674025022899,4.641251601920383,1.4984322518230009,4.6402076763435005,0.7963988108608433,10.742830343172415,5.460121725731426
2007-12-31,0.453104937624353,102.913145893424,5.0,48644.46614427,104.519690129532,4.649375475947787,0.8123874027403666,4.633885388746465,-0.6322287597035903,10.792293332825102,4.946298965268703
2008-01-31,0.222046237637442,103.382222915258,5.25,51562.28814183,105.308133148231,4.656890654032177,0.7515178084389618,4.638433021909114,0.4547633162649056,10.850545834304087,5.825250147898586
2008-02-29,0.907018256710701,103.057001729778,5.25,57593.07366087,107.402329433869,4.676581871167944,1.9691217135767047,4.635282250004324,-0.3150771904789629,10.96115759051027,11.061175620618258
2008-03-31,1.04185066180591,100.384955794807,5.25,60757.59945923,107.343803572593,4.676036800931701,-0.05450702362423954,4.609012353348888,-2.626989665543622,11.014647447358291,5.348985684802088
2008-04-30,0.154220132610723,98.9713372243438,5.5,63288.37597324,109.026491768101,4.691590896442843,1.5554095511141952,4.5948302852282925,-1.4182068120595304,11.055456957355435,4.080950999714439
2008-05-31,0.369491179954231,100.457489701277,5.5,64516.37515692,108.101418541177,4.683069847049137,-0.8521049393706015,4.609734649967456,1.490436473916379,11.074674348964056,1.921739160862046
2008-06-30,0.769602394432851,103.416383301873,5.75,65475.10650714,110.014931554907,4.700616097988631,1.7546250939493468,4.638763395382616,2.9028745415160095,11.089425296058668,1.4750947094611888
2008-07-31,0.555471918982357,102.22495126959,6.0,64906.15914174,110.063367230517,4.701056265662221,0.04401676735898974,4.6271757895530135,-1.1587605829602943,11.080697800219161,-0.8727495839506716
2008-08-31,0.590485120627808,101.92449367792,6.25,65445.87259465,109.691103459051,4.697668265168897,-0.3388000493323773,4.624232281098375,-0.29435084546385326,11.088978707388518,0.8280907169357477
2008-09-30,0.567201348170299,102.178989215149,6.5,62560.51994232,110.7426674467,4.70720919857718,0.9540933408283436,4.626726071655143,0.24937905567679053,11.043889686283121,-4.508902110539736
2008-10-31,0.613128730631335,101.226081944004,6.5,60466.83233595,110.43730592219,4.704447992724121,-0.2761205853059501,4.617356450366946,-0.9369621288196406,11.009850267836129,-3.403941844699254
2008-11-30,0.309023518807206,99.513774976019,6.5,59424.967422,110.531973336922,4.705304830569103,0.0856837844982472,4.600296076552382,-1.7060373814564045,10.9924697440078,-1.738052382832933
2008-12-31,0.360223443699306,100.049038644306,6.5,60206.57315736,109.37708933771,4.694801447011534,-1.0503383557569634,4.605660452231015,0.5364375678632349,11.005536813996729,1.3067069988929703
2009-01-31,0.105779087549192,101.676214992247,6.5,58217.84386876,110.369635699562,4.703835057059602,0.9033610048068574,4.621793401485815,1.613294925479991,10.971947182411839,-3.3589631584890256
2009-02-28,-0.0747867011977923,103.602773253632,6.25,57628.97075228,109.706950954861,4.697812728581573,-0.6022328478029415,4.640564098324555,1.8770696838740442,10.961780684689066,-1.0166497722773116
2009-03-31,0.360219096293319,100.856378272032,6.0,57444.82566318,108.478546892175,4.686552428934366,-1.126029964720665,4.6136975075369895,-2.686659078756559,10.958580212435267,-0.3200472253798381
2009-04-30,0.0190113387638141,99.4374934764279,5.0,57312.3553192109,109.378452114632,4.694813906370624,0.8261477436257714,4.599529240493256,-1.416826704373353,10.956271504576195,-0.23087078590720012
2009-05-31,-0.0430059879071317,98.2810868285598,4.0,58062.2666311609,110.800279504928,4.707729296917655,1.2915390547031613,4.587831606083488,-1.169763440976812,10.969271276278553,1.2999771702357776
2009-06-30,-0.339576397635527,99.4910112390306,3.0,57960.95472599,107.023017551328,4.673043928629628,-3.4685368288027263,4.600067300777481,1.2235694693993437,10.96752486845199,-0.1746407826562546
2009-07-31,0.186688283246876,100.410458277179,2.0,60377.01243912,108.611652967622,4.687778703471059,1.473477484143082,4.609266367940077,0.9199067162596108,11.008363722724333,4.083885427234257
2009-08-31,-0.207404080346908,99.520390203976,1.25,60017.0726546,110.61198960687,4.70602848833823,1.8249784867171215,4.60036254984307,-0.8903818097007132,11.002384344972535,-0.5979377751797799
2009-09-30,-0.0871865178354843,98.9526931785389,1.25,59891.465961375,110.928968872368,4.708890076407339,0.2861588069109189,4.594641889248056,-0.5720660595014415,11.000289302524056,-0.2095042448479134
2009-10-31,0.122626055714729,98.6175006318583,1.25,62440.158050816,112.091018593256,4.719311207272079,1.0421130864739503,4.591248737054209,-0.3393152193846838,11.041963905869213,4.167460334515738
2009-11-30,-0.112067511656828,99.7995952714911,1.25,64278.278580019,113.168139880958,4.7288746763397915,0.956346906771266,4.603164127913314,1.1915390859105202,11.070977039468263,2.9013133599049112
2009-12-31,0.317106553518078,99.3544043750287,1.25,66561.091512088,113.798278152966,4.734427391111736,0.5552714771944522,4.598693299922883,-0.4470827990431303,11.105875474280221,3.489843481195898
2010-01-31,0.295916358843193,98.7183065607253,1.25,67290.179982883,114.066790233887,4.73678415607888,0.2356764967143654,4.592270406046467,-0.6422893876416147,11.116769590913265,1.0894116633043183
2010-02-28,0.322508087876127,97.8963135679162,1.25,69463.991027276,115.262996368135,4.747216442270779,1.0432286191899287,4.58390889375003,-0.8361512296437112,11.14856378256962,3.179419165635622
2010-03-31,0.280812098247149,97.4996201331571,1.25,72065.2325967502,116.784441379103,4.760329854150544,1.311341187976467,4.579848481926028,-0.40604118240015197,11.18532699610861,3.6763213538989703
2010-04-30,0.0253574343372818,97.8894151412539,1.25,71502.496614598,118.008785407794,4.770759074302631,1.0429220152087026,4.583838424602859,0.39899426768306157,11.177487645759177,-0.7839350349433616
2010-05-31,0.237859799840972,96.4804677442907,1.5,71521.410022235,119.065058648937,4.77967005505494,0.8910980752308895,4.569340581063005,-1.4497843539853505,11.177752124729048,0.026447896987136232
2010-06-30,0.25084872902545,95.4411949315005,1.75,72569.945612216,121.016451371327,4.795926498101284,1.625644304634477,4.558510297949134,-1.0830283113871353,11.19230614281918,1.455401809013246
2010-07-31,0.363955387679499,95.9340530824383,2.0,76148.354871225,119.833063860523,4.786099639760474,-0.9826858340810318,4.56366100835366,0.515071040452586,11.240438754297756,4.813261147857517
2010-08-31,0.268515340301766,95.7387875510301,2.5,80589.149419045,120.236261309806,4.789458651396816,0.3359011636342224,4.561623519909139,-0.20374884445208963,11.297119296839792,5.668054254203625
2010-09-30,-0.0320081184717505,96.5314646472745,3.0,82315.446116865,122.041985141625,4.804365126035618,1.4906474638801903,4.569869013720392,0.8245493811252835,11.318314049697697,2.1194752857905286
2010-10-31,-0.141721635707217,98.9932139229802,3.0,83067.886718365,122.970312003998,4.811942960417845,0.7577834382226811,4.595051301552666,2.5182287832274497,11.32741346474023,0.9099415042532755
2010-11-30,0.0079054058141417,99.733971485121,3.0,84755.027366015,123.231676736611,4.814066134419266,0.21231740014213685,4.6025063559925,0.7455054439834186,11.347520343436317,2.010687869608674
2010-12-31,0.178465894473198,99.9524589001692,3.0,89051.96883205,122.028484466777,4.804254496717099,-0.981163770216753,4.604694661946145,0.21883059536449423,11.39697539776088,4.945505432456265
2011-01-31,0.390436430112132,99.8811400669405,3.25,87499.1018,124.493209014376,4.824251168347803,1.9996671630703844,4.603980879713074,-0.07137822330713917,11.379383807150163,-1.7591590610717134
2011-02-28,0.38232131500092,100.017395122461,3.5,88676.63499742,124.455705720215,4.823949875253316,-0.030129309448678754,4.605344122084941,0.1363242371867024,11.392751717559467,1.3367910409304073
2011-03-31,0.70246827579307,100.530414576226,3.75,89281.9528687,125.546888198792,4.832679299942326,0.8729424689009946,4.610460314314386,0.5116192229444927,11.399554650905262,0.6802933345795736
2011-04-30,0.680913006312609,102.668257216045,4.0,87161.4760796,127.139478536761,4.845284740011421,1.2605440069095586,4.631502986549534,2.1042672235147997,11.375517724201984,-2.4036926703278283
2011-05-31,-0.023705939231349,101.600238856739,4.25,87484.55741783,125.646771654151,4.833474570497178,-1.1810169514243185,4.621045886093773,-1.045710045576076,11.379217570116733,0.36998459147490337
2011-06-30,0.0991430632533504,101.565118066163,4.25,87199.7682311,125.014390601825,4.828428855490548,-0.504571500662987,4.620700150074033,-0.03457360197405279,11.37595695199331,-0.32606181234235976
2011-07-31,0.792952335352793,100.748972196582,4.25,91491.74334107,127.592427623666,4.84884102450761,2.0412169017062,4.612631999251997,-0.8068150822035491,11.424004010482419,4.804705848910906
2011-08-31,0.26581819673157,100.786874784953,4.25,91661.47931937,127.581692990738,4.8487568887581975,-0.008413574941279478,4.613008136692414,0.03761374404165352,11.42585749713613,0.18534866537116557
2011-09-30,0.334184450724357,99.3794126459668,4.25,92965.47562782,127.987491099409,4.851932533358275,0.3175644600077021,4.5989449759732395,-1.4063160719174128,11.439983473404162,1.4125976268031692
2011-10-31,0.314850475426423,98.0546953774512,4.25,93248.7401535,128.017422006078,4.8521663640800545,0.023383072177995956,4.5855254390781495,-1.3419536895090012,11.443025826996564,0.3042353592402236
2011-11-30,0.431423021984299,96.4416501614852,4.25,94708.8220392,129.133455224779,4.860846406223641,0.868004214358642,4.568938163924414,-1.6587275153735703,11.45856243258816,1.5536605591595531
2011-12-31,0.270908693685631,95.2642619920789,4.25,101248.230117,132.606320528935,4.8873847427465,2.6538336522858863,4.556654734998367,-1.2283428926046724,11.525330504490077,6.6768071901917025
2012-01-31,-0.101321658058542,96.3517716480847,4.25,101880.17408031,130.800040238765,4.873669746658869,-1.3714996087630382,4.568005782320642,1.135104732227532,11.531552637771851,0.6222133281774234
2012-02-29,0.32490889268749,97.1206430804803,4.25,104046.20610587,130.806109695367,4.873716148141439,0.004640148256918053,4.575953948793388,0.7948166472745655,11.552590368935682,2.1037731163831452
2012-03-31,0.766016269027565,95.8167618467971,4.25,106808.74373155,133.194077246808,4.891807292003632,1.8091143862193348,4.562437636757425,-1.3516312035963374,11.578795072302654,2.620470336697167
2012-04-30,0.531540157871349,94.7321103305847,4.25,108764.42764261,131.283680272894,4.877360480155609,-1.444681184802299,4.551053016959952,-1.1384619797472517,11.596939608129336,1.8144535826682073
2012-05-31,0.03926077503556,93.9347270008011,4.25,110737.73754721,134.733309625153,4.903297340337662,2.5936860182053323,4.542600147458597,-0.8452869501355487,11.614919959855904,1.7980351726567534
2012-06-30,-0.0366953058830012,92.9790093927254,4.25,109480.02469178,135.183577772318,4.90663369005017,0.3336349712507847,4.532373762223381,-1.0226385235215574,11.603497388691492,-1.1422571164411366
2012-07-31,0.0903588612568951,91.8784994107105,4.25,110763.6368357,135.719791317355,4.910592402317993,0.39587122678232944,4.5204670456317,-1.1906716591680855,11.61515381202662,1.1656423335127286
2012-08-31,0.508401059841231,91.4385116380182,4.25,112657.65977909,136.461298836738,4.916041049418618,0.5448647100624981,4.5156667424295245,-0.48003032021757264,11.632108939812309,1.6955127785688973
2012-09-30,0.542706494983504,91.5506971851382,4.25,114877.90941542,137.375666612532,4.9227192652145195,0.667821579590111,4.516892886439837,0.12261440103129573,11.651625186130916,1.95162463186076
2012-10-31,-0.163323292399981,91.6449682870893,4.25,118329.02508878,136.934161246795,4.919500235474113,-0.32190297404062207,4.517922071382934,0.10291849430963396,11.681224371426216,2.9599185295300146
2012-11-30,-0.137468673524668,91.7455928902571,4.25,121659.96235384,136.929107520625,4.919463328544657,-0.003690692945657048,4.51901945188736,0.10973805044258711,11.708985238437199,2.7760867010982793
2012-12-31,0.258775005035199,90.9085635916073,4.25,126199.08974557,137.212652262184,4.9215319286944,0.2068600149743638,4.509854205674624,-0.9165246212735845,11.745616016270606,3.663077783340718
2013-01-31,0.115417675695559,90.9324516250911,4.25,129381.14373206,139.220843976578,4.936061477901272,1.452954920687155,4.510116941049179,0.02627353745552341,11.7705179296583,2.490191338769421
2013-02-28,-0.0899999999999897,92.5412806585679,4.25,133398.58094958,139.692313609953,4.939442244061699,0.3380766160427484,4.5276548223561655,1.7537881306986414,11.80109677484771,3.057884518941023
2013-03-31,0.908826029924648,91.5638296601003,4.25,132895.80379549,140.50289174793,4.945228070397798,0.5785826336098587,4.517036320990999,-1.0618501365166289,11.79732067005305,-0.37761047946602844
2013-04-30,0.252386434513867,91.7066086349031,4.25,132915.12506444,140.16300659789,4.942806078141584,-0.24219922562140894,4.518594444658047,0.15581236670474397,11.797466046084555,0.014537603150444056
2013-05-31,0.193585595743532,93.0168006676868,4.25,132915.23133818,140.945792615766,4.9483753669249255,0.5569288783341619,4.532780129178305,1.418568452025859,11.797466845645157,7.995606026156565e-05
2013-06-30,0.261797703601153,96.0944508004635,4.25,132479.56750916,143.524738092231,4.966507411228702,1.813204430377624,4.565331570297171,3.2551441118865654,11.794183705039181,-0.32831406059763424
2013-07-31,0.548478702276045,96.2653040217274,4.25,134493.78616935,143.141670387105,4.963834841846281,-0.2672569382420775,4.567107963351426,0.17763930542553652,11.809273277472416,1.5089572433234721
2013-08-31,0.54290503863184,96.7409357464107,4.25,133073.96539439,144.36168867002,4.972321877337232,0.84870354909512,4.572036640145355,0.49286767939289433,11.798660383405362,-1.0612894067053347
2013-09-30,0.108780375955996,96.534858927129,4.25,131517.1955229,143.569144187173,4.966816760177161,-0.5505117160071293,4.569904175521705,-0.21324646236502431,11.786892886483733,-1.1767496921629927
2013-10-31,0.0382722950763035,97.1166830114299,4.25,132660.78009618,145.182901874133,4.977994339769161,1.1177579592000164,4.57591317322125,0.6008997699544771,11.795550623479716,0.8657736995983711
2013-11-30,-0.218243304450852,97.7674537599917,4.0,132996.41786576,147.221241795513,4.991936501559753,1.3942161790591712,4.582591738015841,0.6678564794591502,11.798077473501031,0.2526850021315141
2013-12-31,0.165817500674368,97.3617608666354,4.0,135555.39628432,145.966015714236,4.983373825532834,-0.8562676026918403,4.578433534656182,-0.41582033596592183,11.817135664420793,1.905819091976113
2014-01-31,0.316846515378193,97.975855729622,4.0,132063.50181163,145.063403185515,4.977170910197195,-0.6202915335639325,4.584721078210574,0.6287543554392094,11.79103816021988,-2.609750420091217
2014-02-28,0.60083869624388,97.6720402223053,4.0,132372.99562273,146.775450836488,4.9889038735618705,1.1732963364675442,4.5816153381764595,-0.3105740034114568,11.793378941128864,0.23407809089839304
2014-03-31,0.518558879929413,97.2437407984309,4.0,132344.85052643,145.81001242282,4.982304489526873,-0.6599384034997158,4.577220618457373,-0.43947197190865595,11.793166298900049,-0.021264222881534067
2014-04-30,0.393222043698289,96.9218171317132,4.0,132350.85564164,146.393851050839,4.986300599626285,0.3996110099411254,4.573904644552111,-0.33159739052619486,11.793211672625963,0.004537372591428834
2014-05-31,0.225030490782512,96.8101620389647,4.0,133882.60557386,145.456142971842,4.979874618300604,-0.6425981325680397,4.572751968513915,-0.11526760381963541,11.804718617145591,1.1506944519627638
2014-06-30,0.159177501068276,96.8954792250018,4.0,135600.82169087,144.094980905035,4.970472671760673,-0.9401946539931316,4.573632863783638,0.08808952697236805,11.817470714137256,1.275209699166524
2014-07-31,0.433312575620032,96.2002190418914,3.75,138143.5262341,145.887131294091,4.982833249404911,1.2360577644238369,4.566431634611806,-0.7201229171831969,11.836048468841708,1.8577754704452332
2014-08-31,-0.0856196342018747,96.8552365516544,3.75,138793.92201963,146.335649193581,4.985902950206077,0.30697008011655313,4.573217457071309,0.6785822459502988,11.84074553661212,0.4697067770411678
2014-09-30,0.160502508704002,97.8872522469425,3.5,136631.4035412,146.888629947313,4.989674680234083,0.3771730028006459,4.5838163290759475,1.059887200463816,11.825042093849484,-1.5703442762635689
2014-10-31,0.378858336021168,98.2603804312067,3.5,137941.99986565,148.317666345584,4.9993563677778,0.9681687543716677,4.587620898412294,0.38045693363466526,11.834588584963774,0.9546491114289068
2014-11-30,-0.149460647587778,97.9668010773712,3.5,138654.84783693,147.497318721597,4.993809997455985,-0.554637032181482,4.58462865676029,-0.29922416520040684,11.839743014997627,0.5154430033853075
2014-12-31,0.228891578078382,98.070259288043,3.5,145503.22236224,146.632069731315,4.9879265222226215,-0.5883475233363633,4.585684153308585,0.10554965482949541,11.887953512167966,4.821049717033965
2015-01-31,0.170295685735701,98.5421871782286,3.25,141933.7242309,147.756580366387,4.995566192461205,0.7639670238583918,4.590484752711066,0.48005994024808984,11.863115496862381,-2.483801530558516
2015-02-28,0.30346893023652,100.62729239808,3.25,140609.41233167,148.530397765917,5.000789636055205,0.5223443593999733,4.611423517075057,2.093876436399089,11.853741200155532,-0.9374296706848639
2015-03-31,0.764664131404038,98.8959612656073,3.25,138927.67463796,149.7342466296,5.008862033662884,0.8072397607678639,4.5940684012489,-1.7355115826156897,11.841708750350488,-1.2032449805044365
2015-04-30,0.390506491415774,100.017007795158,3.25,139137.78071525,152.471072114303,5.026974887000092,1.8112853337208357,4.605340249478056,1.1271848229156056,11.843219949337852,0.15111989873641818
2015-05-31,0.564365427803757,101.146472095423,3.25,138143.87990124,148.001598467745,4.997223074163527,-2.975181283656525,4.616569685056152,1.1229435578096414,11.83605102898113,-0.7168920356722452
2015-06-30,0.332341348473706,100.86449489172,3.25,138018.08204637,150.273069169179,5.012454100193065,1.523102602953852,4.613777981308147,-0.279170374800497,11.835139984877271,-0.09110441038586714
2015-07-31,0.450786388967827,100.351503091926,3.25,140803.65481401,151.302115642306,5.019278603791762,0.6824503598696907,4.6086790536247,-0.5098927683447663,11.855121679855056,1.9981694977785125
2015-08-31,0.377226121085694,99.78189988126,3.25,137167.18247532,150.176590820722,5.011811873792967,-0.7466729998795607,4.602986802953764,-0.5692250670935373,11.82895577087599,-2.61659089790669
2015-09-30,0.0275381794493309,98.2966531157509,3.5,137077.63808944,151.412928336185,5.020010729274344,0.8198855481377443,4.587989978920901,-1.4996824032863287,11.828302745678446,-0.06530251975433998
2015-10-31,0.142799384312569,99.5905326304143,3.5,139502.21892053,153.589302916454,5.034282175817419,1.4271446543075328,4.60106710616114,1.3077127240238795,11.845835786357412,1.7533040678966216
2015-11-30,0.344071735952856,101.023155833155,3.5,141316.88607007,152.919012481337,5.029908451060415,-0.43737247570048154,4.615349756238703,1.428265007756302,11.858760066628491,1.292428027107917
2015-12-31,0.445721499061671,101.145528879937,3.75,148398.93225415,155.572579637414,5.047112372805186,1.7203921744771478,4.616560359769127,0.12106035304242369,11.907659414636635,4.889934800814366
2016-01-31,0.37252021115541,101.199062344235,4.0,145452.94158185,153.366711603022,5.032831861492761,-1.4280511312424693,4.6170894914372695,0.052913166814239077,11.887607887726064,-2.005152691057077
2016-02-29,0.174091242706681,104.419825508109,4.25,146047.48576064,155.387714816724,5.045923379575081,1.3091518082319453,4.64841955692287,3.133006548560058,11.891687092745695,0.40792050196305496
2016-03-31,0.598118099213,102.205746784034,4.25,144548.04807954,157.356675631232,5.058515047975798,1.259166840071746,4.626987906952256,-2.1431649970613975,11.881367243925718,-1.031984881997694
2016-04-30,0.0114065609758854,100.358123469969,4.25,147220.15299557,154.904926413332,5.042811550747511,-1.5703497228287233,4.608745023335858,-1.8242883616398586,11.899684384843036,1.8317140917318397
2016-05-31,0.209563738332199,100.68037271761,4.25,149275.32050687,154.278866546778,5.03876178658487,-0.4049764162640912,4.611950872262746,0.3205848926888244,11.913547668502957,1.3863283659921066
2016-06-30,0.139508528737671,99.7808899854822,4.25,149835.46699026,155.820144927354,5.048702424996966,0.9940638412095915,4.602976681870786,-0.8974190391960235,11.91729308432627,0.3745415823312115
2016-07-31,0.081747041914584,98.9096800171517,4.25,159175.47576732,157.861774636052,5.061719806051934,1.3017381054967636,4.5942071106555415,-0.8769571215244021,11.977762493838322,6.046940951205215
2016-08-31,0.358285853821853,100.281080212041,4.25,161245.76984059,158.159984471911,5.0636070806827345,0.18872746308007393,4.607977045191,1.3769934535458717,11.990685000767185,1.2922506928862987
2016-09-30,0.206464092392192,101.578499553927,4.25,161693.12073509,157.982713988178,5.062485621903674,-0.11214587790604469,4.620831894186304,1.2854848995303314,11.993455501277952,0.27705005107669933
2016-10-31,0.413354520523768,100.623189015134,4.25,160326.59871864,156.937610169725,5.055848338915008,-0.6637282988665838,4.611382738211645,-0.9449155974659007,11.984968255703757,-0.8487245574194446
2016-11-30,0.290064059118052,99.3140471752234,4.25,162308.09490402,158.314862252382,5.064585849102648,0.8737510187639685,4.59828702303246,-1.3095715179184175,11.997251628438944,1.228337273518676
2016-12-31,0.33419524609934,97.8063581269551,4.25,165423.89277803,160.504522776752,5.078322121467447,1.3736272364798907,4.5829895864506724,-1.5297436581787949,12.01626650566173,1.9014877222785387
2017-01-31,0.237843060107308,97.0372830250582,4.25,165307.18967167,159.998577212189,5.075164922770471,-0.315719869697606,4.575095265738658,-0.7894320712014569,12.015560777549698,-0.07057281120310677
2017-02-28,0.323171371975582,95.2529803869672,4.25,165107.30773497,159.533281818095,5.072252563894045,-0.29123588764257136,4.55653630366917,-1.8558962069487706,12.014350891405769,-0.12098861439291397
2017-03-31,1.30455818519093,93.9973491722959,4.25,165556.95884138,157.127308110684,5.057056356448878,-1.5196207445167254,4.543266581577644,-1.3269722091526326,12.0170705767726,0.27196853668307597
2017-04-30,-0.258053478882145,94.3556474482799,4.25,164975.73111821,158.607742719969,5.066434127176653,0.937777072777557,4.547071126390805,0.38045448131613924,12.013553657932725,-0.35169188398747053
2017-05-31,-0.423337988013419,95.6561384089786,4.0,167165.6585383,159.641027378146,5.072927715753322,0.649358857666904,4.560759869561313,1.36887431705075,12.026740567019667,1.3186909086941867
2017-06-30,-0.159198769026384,96.3305107468976,4.0,168565.03464669,162.15553345217,5.088555957685527,1.5628241932204467,4.567785098809848,0.7025229248535325,12.035076916605163,0.833634958549645
2017-07-31,0.198285823750627,96.3923993151447,3.75,170004.54398893,161.172272080632,5.08247380585185,-0.6082151833676441,4.568427353229466,0.06422544196178492,12.043580445021822,0.8503528416659023
2017-08-31,0.672225629676554,97.0436062383582,3.75,172548.32597103,162.512303480914,5.090753712632354,0.8279906780503943,4.575160426335626,0.6733073106159893,12.058432626775408,1.4852181753585825
2017-09-30,-0.0157699757397503,98.4623811332696,3.5,178422.72167441,163.540799118914,5.097062495103904,0.6308782471549534,4.589674557800273,1.4514131464647306,12.091910854663782,3.3478227888373624
2017-10-31,-0.469245219484567,98.26690460131,3.5,179655.10839983,162.00215700662,5.087609649999421,-0.9452845104482854,4.58768729296005,-0.19872648402232684,12.098794227427287,0.6883372763505591
2017-11-30,-0.197237337488294,98.0097411948125,3.25,182051.12532612,161.436631654669,5.084112692008726,-0.3496957990694938,4.585066873677791,-0.2620419282258979,12.112042834996833,1.3248607569545712
2017-12-31,0.156851858043552,98.5389660495385,3.25,186976.59715848,163.478734704822,5.096682918910937,1.257022690221099,4.590452064362762,0.5385190684971342,12.138738739119814,2.6695904122981062
2018-01-31,0.127417107488591,99.8897370735241,3.0,189130.82683392,164.625418244199,5.103672700647607,0.6989781736669975,4.604066948380459,1.3614884017696838,12.150194260048547,1.145552092873281
2018-02-28,0.250220520720826,102.264018320988,3.0,189109.77071356,164.070012767263,5.100293243842739,-0.3379456804868397,4.6275578840195415,2.3490935639082444,12.150082922870475,-0.011133717807254584
2018-03-31,0.487124356837782,101.256509048797,2.75,187291.85616273,166.034039946672,5.112192827254343,1.189958341160402,4.617656990822033,-0.9900893197508864,12.14042340730926,-0.9659515561214249
2018-04-30,-0.137073083858309,100.826685530576,2.75,185719.89963319,169.076280896417,5.130349979338957,1.8157152084614658,4.6134030580070124,-0.42539328150201783,12.131994901713671,-0.8428505595588831
2018-05-31,0.0184551804113629,100.396167104797,2.75,185512.83020938,170.022336280805,5.135929818306455,0.5579838967497253,4.609124030281856,-0.4279027725156759,12.130879324187019,-0.11155775266527002
2018-06-30,0.334058214668909,98.9595190727737,2.75,186875.15902027,166.22905507239,5.1133666870722685,-2.2563131234186073,4.594710868258091,-1.4413162023764414,12.138196074071315,0.7316749884296314
2018-07-31,0.382785985925354,97.2789030945558,2.75,190384.77519047,164.593299953497,5.103477582393215,-0.988910467905324,4.577582142399308,-1.7128725858783334,12.156802435907325,1.8606361836010166
2018-08-31,0.131767259402052,96.8119036065109,2.75,192957.29256157,166.14976409944,5.112889574994841,0.941199260162584,4.572769957863842,-0.48121845354662796,12.17022416133613,1.3421725428804265
2018-09-30,0.191681610790045,97.1407211368967,2.75,193052.5490081,167.812673970688,5.122848321399483,0.9958746404642227,4.576160660576441,0.3390702712599669,12.170717705480374,0.04935441442448507
2018-10-31,0.0816835303769421,97.4550272796668,2.75,193787.1218886,168.33848482974,5.12597674308794,0.31284216884568394,4.579391012921214,0.32303523447723137,12.17451552570765,0.37978202272750394
2018-11-30,0.122438003210824,97.9332176306264,2.75,197561.81042896,169.283093968319,5.131572425725965,0.559568263802479,4.5842857936274,0.4894780706186097,12.1938067785575,1.9291252849850338
2018-12-31,0.181777270585084,97.6608580075859,2.75,203589.18559941,170.369015603978,5.137966764551546,0.6394338825581158,4.581500844255231,-0.2784949372168555,12.223859446331351,3.005266777385174
2019-01-31,0.0653322898985492,98.23451752407,2.75,203336.26316985,167.455150049253,5.120715554510789,-1.7251210040757137,4.587357655879738,0.5856811624506797,12.222616356409624,-0.12430899217275027
2019-02-28,0.126761453780625,98.3748960901039,2.75,202959.53838262,167.622825256679,5.121716367657451,0.10008131466623382,4.5887856504737705,0.14279945940325334,12.220761919845174,-0.1854436564450168
2019-03-31,0.727552259105356,97.239105948739,2.75,204963.11443983,170.550610142393,5.139032086356895,1.7315718699443927,4.577172955131067,-1.1612695342703816,12.230585312369476,0.9823392524301866
2019-04-30,0.200080537447719,97.1484288132676,2.75,203230.38726196,171.118899847166,5.14235863562285,0.3326549265954881,4.576240002900775,-0.09329522302916615,12.22209552711794,-0.8489785251535764
2019-05-31,0.14761382269664,96.6111597766335,2.75,204344.6075451,171.236230492186,5.143044068024563,0.06854324017124824,4.570694260183927,-0.5545742716847712,12.227563100315887,0.5467573197947218
2019-06-30,-0.0862718704256484,96.7594025245565,2.75,204791.36121697,171.154930782561,5.14256917427526,-0.04748937493026517,4.572227510904206,0.1533250720278545,12.22974698970006,0.2183889384172133
2019-07-31,0.203336703292959,96.1305429651756,2.75,209608.99578673,171.000914876569,5.141668906643722,-0.09002676315379432,4.5657070903003625,-0.6520420603843391,12.252999149337857,2.3252159637797476
2019-08-31,0.0609772736582818,97.0397203489724,2.5,212515.43390091,172.591278721415,5.150926248528061,0.9257341884339354,4.575120382819733,0.9413292519370842,12.266769894831098,1.377074549324142
2019-09-30,0.0063829985801787,96.2557554611789,2.5,211325.44038695,171.356941113398,5.143748755894677,-0.7177492633384297,4.567008768379385,-0.8111614440347914,12.261154595727053,-0.5615299104045235
2019-10-31,0.110725430948253,97.0809740627894,2.5,213148.9722517,172.556453223271,5.1507244479943255,0.6975692099648434,4.575545414417349,0.8536646037963891,12.269746600467915,0.859200474086208
2019-11-30,0.108910232526761,97.6276029590521,2.25,217980.97619599,173.371584793124,5.155437180059575,0.4712732065249803,4.581160270637203,0.5614856219853692,12.29216307280739,2.2416472339475746
2019-12-31,0.214521161156722,97.2560063431381,2.25,222036.18253434,171.679404272136,5.14562880888648,-0.9808371173095409,4.577346742474537,-0.3813528162665669,12.310595631962823,1.843255915543196
2020-01-31,0.0538080667322616,97.673814204808,2.25,227547.64079974,172.934195324644,5.1529111482913095,0.7282339404829585,4.581633500655596,0.4286758181058836,12.335114905558653,2.451927359583017
2020-02-29,0.142172034360178,98.6452903271613,2.25,227972.03308043,172.727214614625,5.15171355591446,-0.11975923768492436,4.591530490093915,0.9896989438319181,12.33697823848505,0.18633329263977316
2020-03-31,0.645999987966259,98.7427626678962,1.25,231591.78971623,140.503002958334,4.945228861914319,-20.648469400014147,4.592518111656403,0.09876215624879947,12.352731573777255,1.5753335292204795
2020-04-30,0.104582684852522,94.267831961965,0.25,242421.86970286,104.35718010835,4.647819439094241,-29.740942282007765,4.546140006967772,-4.637810468863091,12.39843475065403,4.5703176876774165
2020-05-31,0.204153570879042,94.3054159905596,0.25,267592.58110182,116.059228900362,4.7541006547662565,10.628121567201543,4.546538621612218,0.039861464444523875,12.497220883017144,9.878613236311473
2020-06-30,-0.266096854987984,97.4034943432227,0.25,274871.70584071,139.909969593455,4.940999141415852,18.689848664959552,4.578862086218739,3.2323464606521135,12.52405974357683,2.683886055968543
2020-07-31,0.462688397344215,99.0487355545947,0.25,287657.3884784,152.557843942335,5.027543828669586,8.654468725373388,4.595612007334604,1.6749921115865263,12.569525427615662,4.546568403883278
2020-08-31,-0.110238965197723,101.98795915829,0.25,289910.87030155,156.547130692248,5.053357119225323,2.581329055573711,4.624854758848375,2.9242751513771204,12.577328810935116,0.7803383319453516
2020-09-30,0.136353971354613,102.7523289605,0.25,290207.527205,160.51936835531,5.0784146104003804,2.50574911750574,4.632321519401706,0.7466760553330509,12.578351557086881,0.10227461517651193
2020-10-31,0.0167755516523417,104.496561406073,0.25,291443.97353667,167.169520946249,5.119008393042245,4.059378264186453,4.649154165658435,1.6832646256728978,12.58260306573948,0.42515086525991563
2020-11-30,0.520479581391504,105.238505055472,0.25,293143.83996513,168.922807960474,5.129441852947201,1.043345990495581,4.656229250973061,0.7075085314625973,12.588418688919422,0.5815623179941554
2020-12-31,0.0487327395330378,106.9012452572,0.25,305702.19982496,173.167361490965,5.154258534322978,2.4816681375777527,4.671905466767643,1.5676215794582227,12.630366703878419,4.194801495899725
2021-01-31,0.742901704166242,107.86638623108,0.25,307419.26299981,172.164051017993,5.148447807237897,-0.5810727085081346,4.680893296677372,0.8987829909728795,12.635967772403758,0.5601068525338704
2021-02-28,-0.125265562868538,108.936825272704,0.25,307142.155066,168.443418980469,5.126599901000747,-2.1847906237150383,4.69076812955094,0.9874832873568273,12.635065965214292,-0.09018071894661972
2021-03-31,0.839468767410369,108.984438877277,0.25,305587.85784501,168.376723986983,5.126203873650541,-0.03960273502059408,4.691205109443805,0.04369798928651747,12.629992603302599,-0.5073361911692942
2021-04-30,-0.104691802721501,109.142370582257,0.25,295767.43911597,167.468461228883,5.120795042365265,-0.5408831285275362,4.692653182085301,0.14480726414953793,12.597328745836695,-3.2663857465903945
2021-05-31,0.266557522263624,112.637054136143,0.25,290939.58170511,172.19857746939,5.148648331038428,2.7853288673163057,4.724170739157077,3.151755707177628,12.580870901590494,-1.6457844246200892
2021-06-30,0.51967163414861,116.254016196609,0.25,291870.84002574,172.77746476187,5.15200443560784,0.3356104569411933,4.755777591798519,3.160685264144192,12.584066654715258,0.3195753124764167
2021-07-31,1.00753906510749,115.181708992407,0.25,302497.90545195,173.528789522653,5.1563435194695595,0.43390838617192173,4.746510959547952,-0.9266632250566786,12.619829632303276,3.576297758801772
2021-08-31,0.98493531236659,118.226649160468,0.5,300167.7991951,175.086278301496,5.165278871295335,0.8935351825775761,4.772603537770504,2.6092578222551843,12.612096927921588,-0.7732704381687938
2021-09-30,0.40042251687241,118.729755254917,1.0,297665.62107748,176.126159187722,5.171200551816615,0.5921680521280059,4.776849946317175,0.4246408546671354,12.603726058566709,-0.8370869354878963
2021-10-31,0.58366506925955,115.914816654968,1.5,291476.11937561,175.486747211402,5.167563525589614,-0.363702622700135,4.752855582165966,-2.3994364151208813,12.582713358177033,-2.1012700389675842
2021-11-30,0.358183580426998,115.942910156464,2.0,289275.34584353,175.014762741503,5.164870328888409,-0.26931967012053804,4.753097916135335,0.02423339693686799,12.575134267296603,-0.7579090880430073
2021-12-31,0.782835268325123,115.174187218459,2.5,293482.79355155,176.059915194989,5.1708243643502,0.595403546179174,4.746445653870308,-0.6652262265027353,12.589574291494465,1.4440024197861945
2022-01-31,0.0372679999999974,111.967935553998,3.0,290139.8836515,176.982265321709,5.176049531631334,0.5225167281134091,4.71821254060993,-2.823311326037814,12.578118443084678,-1.145584840978664
2022-02-28,0.311455926605271,109.906956961602,3.5,285817.69303332,176.682047622781,5.174351776104122,-0.16977555272124079,4.699634162059387,-1.8578378550542674,12.563109449606248,-1.50089934784301
2022-03-31,1.48265988924236,107.336116873391,4.0,284792.74524273,175.30164255593,5.166508161854369,-0.7843614249752662,4.67596519014305,-2.3668971916336545,12.559516985030939,-0.3592464575309151
2022-04-30,0.961893177341858,106.057300101984,4.5,281294.70551259,175.022055260789,5.164911996044045,-0.15961658103247345,4.663979515058208,-1.1985675084842384,12.54715817280274,-1.2358812228198346
2022-05-31,0.384024966018986,103.6140638711,5.0,279557.49906568,176.251895332725,5.171914195295409,0.7002199251364694,4.640673072263506,-2.3306442794702065,12.540963271584816,-0.6194901217924098
2022-06-30,1.19062710636316,102.571506790105,5.5,278840.24389636,179.317052729016,5.18915548333361,1.7241288038200686,4.630560182570245,-1.011288969326074,12.538394294282064,-0.25689773027526286
2022-07-31,0.940891085039107,104.31273923166,6.0,287363.89333111,177.733174304011,5.180283404872415,-0.8872078461195088,4.647393494832581,1.6833312262336086,12.56850461262303,3.0110318340966558
2022-08-31,0.666542107665968,102.990171963024,6.5,290002.31366301,177.408945016816,5.178457491472474,-0.18259133999407595,4.634633565842346,-1.2759928990234926,12.577644180079142,0.9139567456111664
2022-09-30,0.522557852684368,101.037923884393,6.75,295831.4960857,179.495469139942,5.190149966049549,1.1692474577074563,4.615495930368673,-1.913763547367342,12.59754530122978,1.9901121150637024
2022-10-31,0.347652348101841,101.247076417974,7.0,292817.61735555,179.405617502151,5.189649261855482,-0.050070419406633704,4.617563830685554,0.20679003168808663,12.587305227823276,-1.024007340650357
2022-11-30,0.517639656505263,99.1748656055524,7.25,288445.39617944,178.521843716054,5.184710967492042,-0.49382943634403986,4.596884611275224,-2.0679219410329353,12.572261079007967,-1.5044148815308134
2022-12-31,0.793924170395989,99.1108509382131,7.5,294681.92939414,179.023255014478,5.187515713684365,0.2804746192323293,4.596238930177472,-0.06456810977519822,12.593651848196721,2.139076918875382
2023-01-31,0.226446521871514,101.523470959133,7.75,296594.92527463,175.538186117904,5.167856603955201,-1.9659109729164292,4.620290012726448,2.40510825489757,12.600122598878876,0.6470750682154858
2023-02-28,0.29452251053137,101.173517305053,7.75,293472.62852338,176.209312526868,5.171672564130818,0.3815960175616695,4.616837035898461,-0.3452976827986731,12.589539655037287,-1.0582943841589199
2023-03-31,1.25348677152025,97.919330000303,7.75,290325.2049135,176.968791266741,5.175973396500651,0.4300832369833252,4.58414397642344,-3.2693059475021435,12.578756969920994,-1.0782685116293322
2023-04-30,0.556251880069387,97.9882891973178,7.75,285295.47277182,176.687425034042,5.174382211168141,-0.15911853325096814,4.584847973543566,0.07039971201256989,12.561280668768012,-1.7476301152981932
2023-05-31,0.31786146413237,95.0382144436755,7.75,284980.89691456,174.205884177575,5.160237842134812,-1.4144369033329163,4.55427906801861,-3.056890552495606,12.56017742863432,-0.11032401336912301
2023-06-30,-0.152769746155551,93.725993819375,7.75,285160.15178922,178.389612909719,5.18396999485062,2.3732152715807864,4.540375566133377,-1.3903501885232927,12.560806237526345,0.0628808892024324
2023-07-31,0.391066276983018,92.7910818568003,7.75,290956.28947337,175.55607284978,5.167958495293123,-1.6011499557497366,4.530350534493158,-1.0025031640219062,12.580928326875986,2.0122089349641215
2023-08-31,0.376132603479856,94.2061584152827,7.75,290521.6124739,177.273544890054,5.17769399094909,0.9735495655967874,4.545485555403817,1.5135020910659769,12.579433250007263,-0.14950768687231886
2023-09-30,0.0164026333286269,94.40214982958,7.5,290677.90748628,178.226772279038,5.183056741008328,0.5362750059237698,4.547563846510572,0.2078291106754726,12.579971086019786,0.053783601252277435
2023-10-31,-0.322447443370826,96.9225068684561,7.25,290183.26323174,177.708044328767,5.180142003290558,-0.2914737717770066,4.573911760950762,2.634791444018969,12.578267944549694,-0.17031414700916514
2023-11-30,-0.163060842314584,95.9178970351414,7.0,293352.90056198,179.544540628351,5.190423314352687,1.0281311062128928,4.563492586324849,-1.0419174625912575,12.589131602022798,1.0863657473104027
2023-12-31,0.405777961086682,95.8065053550103,6.75,302237.05940572,177.94208243702,5.181458117777365,-0.8965196575322132,4.5623305882559935,-0.11619980688557519,12.618966953352777,2.983535132997872
2024-01-31,0.0192113272793558,95.9810146097874,6.5,302559.06707648,178.791698564371,5.1862214330506715,0.47633152733066453,4.564150407428481,0.18198191724874135,12.620031800454427,0.10648471016505567
2024-02-29,0.557510800936321,97.8122087624845,6.25,301723.20209681,178.714605943273,5.185790153258842,-0.0431279791829553,4.583049403221894,1.8898995793413143,12.617265326720512,-0.27664737339154755
2024-03-31,1.00938516188575,93.7576041494104,6.25,302285.81117138,180.331867541023,5.194798861907017,0.9008708648175379,4.540712772488251,-4.23366307336428,12.619128243415199,0.18629166946873
2024-04-30,-0.0516715997229469,93.4480703584469,6.0,300436.02556459,182.273289709686,5.205507152626589,1.0708290719571245,4.537405884768604,-0.3306887719647378,12.612990116996531,-0.6138126418667511
2024-05-31,-0.0907064485030323,94.3117090356836,5.75,307307.01321256,183.960512446356,5.214721128307961,0.9213975681372055,4.5466053498599885,0.9199465091384695,12.635602569897078,2.261245290054603
2024-06-30,0.121741927959431,94.8833748272745,5.75,318850.27126668,180.151783846905,5.193799739153987,-2.0921389153973458,4.552648504044267,0.6043154184278698,12.67247690250887,3.6874332611793292
2024-07-31,0.236268738691571,94.499610988795,5.75,326131.68772824,183.142003459551,5.210261827117135,1.6462087963147631,4.548595717970536,-0.4052786073731163,12.6950565288696,2.2579626360728966
2024-08-31,0.284170528141876,94.8537739481468,5.5,332608.90363454,185.173621902032,5.221293881733315,1.1032054616180176,4.55233648418354,0.3740766213003788,12.714722615179834,1.9666086310234476
2024-09-30,-0.237560474773851,96.3594387993203,5.25,334036.69855636,184.332772760658,5.21674267176818,-0.455120996513525,4.568085353729299,1.574886954575927,12.719006141840167,0.4283526660332271
2024-10-31,-0.0931035230159262,95.4785045916523,5.25,337894.69501884,184.553940301195,5.217941780107984,0.11991083398044111,4.558901139341824,-0.9184214387475187,12.730489572723677,1.1483430883510337
2024-11-30,0.0941530377317251,94.3416626270221,5.0,336801.52351663,187.895068452118,5.235883660476903,1.794188036891864,4.546922901476758,-1.1978237865066355,12.72724908484551,-0.32404878781662205
2024-12-31,0.105667996950954,92.3237397542806,5.0,344028.26259912,186.365603465107,5.227710354457001,-0.8173306019902071,4.525301310542897,-2.1621590933860624,12.748479091699064,2.1230006853553363
2025-01-31,-0.0933179134509413,92.4929434975364,4.75,342729.06038258,186.649010773463,5.229229905445466,0.15195509884655678,4.527132355095295,0.18310445523983532,12.744695502582612,-0.37835891164519353
2025-02-28,0.188012094871704,91.9101444321245,4.75,340710.20723183,187.186990155126,5.232108064593878,0.28781591484117186,4.52081140882047,-0.6320946274825268,12.738787562788861,-0.5907939793750927
2025-03-31,0.810159321766145,90.8030187718355,4.75,339138.68201438,186.174264324815,5.2266831400638045,-0.5424924530073483,4.5086925314404525,-1.21188773800176,12.734164394195325,-0.46231685935360645
2025-04-30,0.31806633832046,92.1819075605968,4.75,334153.82934124,187.781277400429,5.235277867450937,0.8594727387132295,4.523763880944561,1.5071349504108156,12.719356732820401,-1.4807661374923953
2025-05-31,-0.0564746187563057,92.2788048412405,4.5,344519.01481653,188.71190559638,5.240221543104857,0.49436756539202875,4.5248144817830225,0.10506008384618681,12.74990456331621,3.0547830495809336
2025-06-30,0.128679643778829,91.451730977883,4.5,340255.79743764,188.095716161878,5.236950961788626,-0.3270581316231258,4.515811302792054,-0.9003178990968586,12.737452959127232,-1.2451604188978393
2025-07-31,0.231431002364371,90.5248964129403,4.5,350198.51386562,190.23645687057,5.248267808245116,1.131684645649056,4.505624911358758,-1.0186391433295583,12.766255455151612,2.8802496024379565
2025-08-31,-0.29025398690341,90.3200027658759,4.5,350189.56875089,191.1008183768,5.252801133690223,0.45333254451067617,4.503358950464478,-0.22659608942801057,12.76622991184226,-0.002554330935211624
2025-09-30,0.0111517897177685,89.8330766882605,4.25,350518.55232705,191.867834864242,5.256806774917127,0.40056412269038333,4.497953244774381,-0.5405705690097129,12.767168915088938,0.09390032466782827
2025-10-31,-0.0996274056654658,87.6706324541718,4.25,353785.25244379,192.028747319219,5.257645086440951,0.08383115238244088,4.473586979606318,-2.4366265168063173,12.77644537652585,0.9276461436911632
2025-11-30,0.110781919406383,86.3777240914767,4.25,364391.37201986,190.919048081582,5.251849506170845,-0.5795580270106626,4.458729819552627,-1.485716005369131,12.805983766864415,2.9538390338565534
2025-12-31,0.244108583947482,86.52212934362,4.25,383367.07528122,193.429031752229,5.26491068422619,1.3061178055345124,4.460400211780857,0.16703922282301775,12.85674823027032,5.076446340590479
